-- MySQL dump 10.13  Distrib 5.7.21, for osx10.12 (x86_64)
--
-- Host: localhost    Database: ultimate_api
-- ------------------------------------------------------
-- Server version	5.7.21

/*!40101 SET @OLD_CHARACTER_SET_CLIENT=@@CHARACTER_SET_CLIENT */;
/*!40101 SET @OLD_CHARACTER_SET_RESULTS=@@CHARACTER_SET_RESULTS */;
/*!40101 SET @OLD_COLLATION_CONNECTION=@@COLLATION_CONNECTION */;
/*!40101 SET NAMES utf8 */;
/*!40103 SET @OLD_TIME_ZONE=@@TIME_ZONE */;
/*!40103 SET TIME_ZONE='+00:00' */;
/*!40014 SET @OLD_UNIQUE_CHECKS=@@UNIQUE_CHECKS, UNIQUE_CHECKS=0 */;
/*!40014 SET @OLD_FOREIGN_KEY_CHECKS=@@FOREIGN_KEY_CHECKS, FOREIGN_KEY_CHECKS=0 */;
/*!40101 SET @OLD_SQL_MODE=@@SQL_MODE, SQL_MODE='NO_AUTO_VALUE_ON_ZERO' */;
/*!40111 SET @OLD_SQL_NOTES=@@SQL_NOTES, SQL_NOTES=0 */;

--
-- Table structure for table `game`
--

DROP TABLE IF EXISTS `game`;
/*!40101 SET @saved_cs_client     = @@character_set_client */;
/*!40101 SET character_set_client = utf8 */;
CREATE TABLE `game` (
  `id` bigint(20) NOT NULL,
  `game_time` datetime DEFAULT NULL,
  `odds_for_team1` double NOT NULL,
  `odds_for_team2` double NOT NULL,
  `points_team1` int(11) NOT NULL,
  `points_team2` int(11) NOT NULL,
  `signature` varchar(255) DEFAULT NULL,
  `status` int(11) NOT NULL,
  `team1_id` bigint(20) DEFAULT NULL,
  `team2_id` bigint(20) DEFAULT NULL,
  PRIMARY KEY (`id`),
  KEY `FKjnhlg2dqkrjvaai3e70ymw339` (`team1_id`),
  KEY `FKehwjicpbm71ks5yyuo7co77qj` (`team2_id`)
) ENGINE=MyISAM DEFAULT CHARSET=utf8;
/*!40101 SET character_set_client = @saved_cs_client */;

--
-- Dumping data for table `game`
--

LOCK TABLES `game` WRITE;
/*!40000 ALTER TABLE `game` DISABLE KEYS */;
INSERT INTO `game` VALUES (21,'2018-09-17 08:00:00',0.6415094339622641,0.3584905660377358,1,7,NULL,1,5,20),(22,'2018-09-17 09:00:00',0.5074626865671642,0.4925373134328358,1,4,NULL,1,12,13),(23,'2018-09-17 08:00:00',0.8823529411764706,0.11764705882352941,6,0,NULL,1,6,19),(24,'2018-09-17 09:00:00',0.5882352941176471,0.4117647058823529,7,2,NULL,1,11,14),(25,'2018-09-17 08:00:00',0.5964912280701754,0.40350877192982454,5,7,NULL,1,7,18),(26,'2018-09-17 09:00:00',0.5396825396825397,0.4603174603174603,0,8,NULL,1,10,15),(27,'2018-09-17 08:00:00',0.576271186440678,0.423728813559322,9,11,NULL,1,8,17),(28,'2018-09-17 09:00:00',0.7058823529411765,0.29411764705882354,12,5,NULL,1,9,16),(29,'2018-09-17 10:00:00',0.50187265917603,0.49812734082397003,6,14,NULL,1,5,13),(30,'2018-09-17 11:00:00',0.6415094339622641,0.3584905660377358,11,7,NULL,1,12,20),(31,'2018-09-17 10:00:00',0.55,0.45,0,12,NULL,1,6,14),(32,'2018-09-17 11:00:00',0.8333333333333334,0.16666666666666666,12,1,NULL,1,11,19),(33,'2018-09-17 10:00:00',0.5396825396825397,0.4603174603174603,14,6,NULL,1,7,15),(34,'2018-09-17 11:00:00',0.5253456221198156,0.47465437788018433,3,14,NULL,1,10,18),(35,'2018-09-17 10:00:00',0.5346534653465347,0.46534653465346537,1,12,NULL,1,8,16),(36,'2018-09-17 11:00:00',0.5427509293680297,0.45724907063197023,0,14,NULL,1,9,17),(37,'2018-09-17 12:00:00',0.4962962962962963,0.5037037037037037,5,10,NULL,1,5,12),(38,'2018-09-17 13:00:00',0.5365853658536586,0.4634146341463415,6,7,NULL,1,13,20),(39,'2018-09-17 12:00:00',0.5060240963855421,0.4939759036144578,0,11,NULL,1,6,11),(40,'2018-09-17 13:00:00',0.8181818181818182,0.18181818181818182,10,8,NULL,1,14,19),(41,'2018-09-17 12:00:00',0.5112474437627812,0.4887525562372188,8,9,NULL,1,7,10),(42,'2018-09-17 13:00:00',0.5296803652968036,0.4703196347031963,9,4,NULL,1,15,18),(43,'2018-09-17 12:00:00',0.4251968503937008,0.5748031496062992,6,10,NULL,1,8,9),(44,'2018-09-17 13:00:00',0.483835005574136,0.5161649944258639,7,0,NULL,1,16,17),(45,'2018-09-17 16:00:00',0.49369571308489774,0.5063042869151023,6,1,'A1',1,13,17),(46,'2018-09-17 16:00:00',0.5223880597014925,0.47761194029850745,9,11,'B1',1,11,15),(47,'2018-09-17 16:00:00',0.5144660704892162,0.4855339295107838,4,13,'C1',1,12,16),(48,'2018-09-17 16:00:00',0.582995951417004,0.41700404858299595,10,1,'D1',1,14,18),(49,'2018-09-17 17:00:00',0.4552332912988651,0.544766708701135,4,8,'A2',1,20,8),(50,'2018-09-17 17:00:00',0.5843478260869566,0.4156521739130435,10,4,'B2',1,6,10),(51,'2018-09-17 17:00:00',0.4785714285714286,0.5214285714285715,10,14,'C2',1,5,9),(52,'2018-09-17 17:00:00',0.20382165605095542,0.7961783439490446,1,7,'D2',1,19,7),(53,'2018-09-18 11:00:00',0.49710664094791956,0.5028933590520804,14,7,'A1',1,13,16),(54,'2018-09-18 11:00:00',0.4927536231884058,0.5072463768115942,8,4,'B1',1,15,14),(55,'2018-09-18 11:00:00',0.4802019665160776,0.5197980334839224,7,12,'A2',1,17,12),(56,'2018-09-18 11:00:00',0.5761316872427984,0.42386831275720166,13,4,'B2',1,11,18),(57,'2018-09-18 10:00:00',0.4819734345351044,0.5180265654648957,10,0,'A3',1,8,9),(58,'2018-09-18 10:00:00',0.5190434012400355,0.48095659875996455,2,8,'B3',1,6,7),(59,'2018-09-18 10:00:00',0.4767472761094871,0.5232527238905129,5,1,'A4',1,20,5),(60,'2018-09-18 10:00:00',0.7887788778877888,0.21122112211221122,8,4,'B4',1,10,19),(61,'2018-09-18 14:00:00',0.45326633165829144,0.5467336683417086,0,0,'1',0,13,15),(62,'2018-09-18 14:00:00',0.4489544895448955,0.5510455104551045,0,0,'3',0,16,14),(63,'2018-09-18 14:00:00',0.4661582459485224,0.5338417540514776,0,0,'5',0,12,11),(64,'2018-09-18 14:00:00',0.5230101302460203,0.4769898697539797,0,0,'7',0,17,18),(65,'2018-09-18 13:00:00',0.483349191246432,0.5166508087535681,0,0,'9',0,8,7),(66,'2018-09-18 13:00:00',0.4823321554770318,0.5176678445229682,0,0,'11',0,9,6),(67,'2018-09-18 13:00:00',0.4840798704803022,0.5159201295196978,0,0,'13',0,20,10),(68,'2018-09-18 13:00:00',0.7936316001612254,0.2063683998387747,0,0,'15',0,5,19);
/*!40000 ALTER TABLE `game` ENABLE KEYS */;
UNLOCK TABLES;

--
-- Table structure for table `groups`
--

DROP TABLE IF EXISTS `groups`;
/*!40101 SET @saved_cs_client     = @@character_set_client */;
/*!40101 SET character_set_client = utf8 */;
CREATE TABLE `groups` (
  `id` bigint(20) NOT NULL,
  `name` varchar(255) DEFAULT NULL,
  PRIMARY KEY (`id`)
) ENGINE=MyISAM DEFAULT CHARSET=utf8;
/*!40101 SET character_set_client = @saved_cs_client */;

--
-- Dumping data for table `groups`
--

LOCK TABLES `groups` WRITE;
/*!40000 ALTER TABLE `groups` DISABLE KEYS */;
INSERT INTO `groups` VALUES (1,'A'),(2,'B'),(3,'C'),(4,'D');
/*!40000 ALTER TABLE `groups` ENABLE KEYS */;
UNLOCK TABLES;

--
-- Table structure for table `hibernate_sequence`
--

DROP TABLE IF EXISTS `hibernate_sequence`;
/*!40101 SET @saved_cs_client     = @@character_set_client */;
/*!40101 SET character_set_client = utf8 */;
CREATE TABLE `hibernate_sequence` (
  `next_val` bigint(20) DEFAULT NULL
) ENGINE=MyISAM DEFAULT CHARSET=utf8;
/*!40101 SET character_set_client = @saved_cs_client */;

--
-- Dumping data for table `hibernate_sequence`
--

LOCK TABLES `hibernate_sequence` WRITE;
/*!40000 ALTER TABLE `hibernate_sequence` DISABLE KEYS */;
INSERT INTO `hibernate_sequence` VALUES (69),(69),(69);
/*!40000 ALTER TABLE `hibernate_sequence` ENABLE KEYS */;
UNLOCK TABLES;

--
-- Table structure for table `team`
--

DROP TABLE IF EXISTS `team`;
/*!40101 SET @saved_cs_client     = @@character_set_client */;
/*!40101 SET character_set_client = utf8 */;
CREATE TABLE `team` (
  `id` bigint(20) NOT NULL,
  `final_standing` int(11) NOT NULL,
  `loser_winer_signature` varchar(255) DEFAULT NULL,
  `lost` int(11) NOT NULL,
  `name` varchar(255) DEFAULT NULL,
  `place_in_group` int(11) NOT NULL,
  `point_balance` int(11) NOT NULL,
  `seeding` int(11) NOT NULL,
  `strength` double NOT NULL,
  `won` int(11) NOT NULL,
  `group_id` bigint(20) DEFAULT NULL,
  PRIMARY KEY (`id`),
  KEY `FKo3mildltdsbu7o4s5nswf5wtp` (`group_id`)
) ENGINE=MyISAM DEFAULT CHARSET=utf8;
/*!40101 SET character_set_client = @saved_cs_client */;

--
-- Dumping data for table `team`
--

LOCK TABLES `team` WRITE;
/*!40000 ALTER TABLE `team` DISABLE KEYS */;
INSERT INTO `team` VALUES (5,16,'A4loser',5,'Grandmaster Flash Warszawa',4,-27,1,7.69140625,0,1),(6,16,'B3loser',3,'KWR Knury Kamieniec Wrocławski',3,-17,2,9.15625,2,2),(7,16,'B3winner',2,'muJAHedini dysku Warszawa',3,17,3,8.484375,3,3),(8,16,'A3winner',3,'KS AZS AWF Flow Wrocław',4,-3,4,7.9375,2,4),(9,16,'A3loser',2,'Zawierucha Warszawa',3,-9,5,8.53125,3,4),(10,16,'B4winner',3,'RJP Warszawa',4,-20,6,7.46875,2,3),(11,16,'B2winner',1,'KS BC Kosmodysk Warszawa',1,34,7,8.75,4,2),(12,16,'A2winner',2,'Kato Vice Katowice',2,2,8,7.640625,3,1),(13,16,'A1winner',1,'4hands Warszawa',1,22,9,7.046875,4,1),(14,16,'B1loser',2,'KrakUF Kraków',2,14,10,8.75,3,2),(15,16,'B1winner',1,'Uwaga Pies Poznań',2,11,11,8.5,4,3),(16,16,'A1loser',2,'KS Nine Hills Chełmno',1,13,12,7.12890625,3,4),(17,16,'A2loser',3,'Frisbnik Rybnik',2,-1,13,7.05859375,2,4),(18,16,'B2loser',3,'Brave Beavers Dopiewo',1,-10,14,6.4375,2,3),(19,16,'B4loser',5,'Ultimatum Gdańsk',4,-29,15,2,0,2),(20,16,'A4winner',2,'Mad Hatters MOSiR Płock',3,3,16,7.0078125,3,1);
/*!40000 ALTER TABLE `team` ENABLE KEYS */;
UNLOCK TABLES;
/*!40103 SET TIME_ZONE=@OLD_TIME_ZONE */;

/*!40101 SET SQL_MODE=@OLD_SQL_MODE */;
/*!40014 SET FOREIGN_KEY_CHECKS=@OLD_FOREIGN_KEY_CHECKS */;
/*!40014 SET UNIQUE_CHECKS=@OLD_UNIQUE_CHECKS */;
/*!40101 SET CHARACTER_SET_CLIENT=@OLD_CHARACTER_SET_CLIENT */;
/*!40101 SET CHARACTER_SET_RESULTS=@OLD_CHARACTER_SET_RESULTS */;
/*!40101 SET COLLATION_CONNECTION=@OLD_COLLATION_CONNECTION */;
/*!40111 SET SQL_NOTES=@OLD_SQL_NOTES */;

-- Dump completed on 2018-06-07 12:20:39
