-- MySQL dump 10.13  Distrib 5.7.21, for osx10.12 (x86_64)
--
-- Host: localhost    Database: ultimate_api
-- ------------------------------------------------------
-- Server version	5.7.21

/*!40101 SET @OLD_CHARACTER_SET_CLIENT=@@CHARACTER_SET_CLIENT */;
/*!40101 SET @OLD_CHARACTER_SET_RESULTS=@@CHARACTER_SET_RESULTS */;
/*!40101 SET @OLD_COLLATION_CONNECTION=@@COLLATION_CONNECTION */;
/*!40101 SET NAMES utf8 */;
/*!40103 SET @OLD_TIME_ZONE=@@TIME_ZONE */;
/*!40103 SET TIME_ZONE='+00:00' */;
/*!40014 SET @OLD_UNIQUE_CHECKS=@@UNIQUE_CHECKS, UNIQUE_CHECKS=0 */;
/*!40014 SET @OLD_FOREIGN_KEY_CHECKS=@@FOREIGN_KEY_CHECKS, FOREIGN_KEY_CHECKS=0 */;
/*!40101 SET @OLD_SQL_MODE=@@SQL_MODE, SQL_MODE='NO_AUTO_VALUE_ON_ZERO' */;
/*!40111 SET @OLD_SQL_NOTES=@@SQL_NOTES, SQL_NOTES=0 */;

--
-- Table structure for table `game`
--

DROP TABLE IF EXISTS `game`;
/*!40101 SET @saved_cs_client     = @@character_set_client */;
/*!40101 SET character_set_client = utf8 */;
CREATE TABLE `game` (
  `id` bigint(20) NOT NULL,
  `game_time` datetime DEFAULT NULL,
  `odds_for_team1` double NOT NULL,
  `odds_for_team2` double NOT NULL,
  `points_team1` int(11) NOT NULL,
  `points_team2` int(11) NOT NULL,
  `signature` varchar(255) DEFAULT NULL,
  `status` int(11) NOT NULL,
  `team1_id` bigint(20) DEFAULT NULL,
  `team2_id` bigint(20) DEFAULT NULL,
  PRIMARY KEY (`id`),
  KEY `FKjnhlg2dqkrjvaai3e70ymw339` (`team1_id`),
  KEY `FKehwjicpbm71ks5yyuo7co77qj` (`team2_id`)
) ENGINE=MyISAM DEFAULT CHARSET=utf8;
/*!40101 SET character_set_client = @saved_cs_client */;

--
-- Dumping data for table `game`
--

LOCK TABLES `game` WRITE;
/*!40000 ALTER TABLE `game` DISABLE KEYS */;
INSERT INTO `game` VALUES (21,'2018-09-17 08:00:00',0.6415094339622641,0.3584905660377358,5,10,NULL,1,5,20),(22,'2018-09-17 09:00:00',0.5074626865671642,0.4925373134328358,1,6,NULL,1,12,13),(23,'2018-09-17 08:00:00',0.6181818181818182,0.38181818181818183,4,6,NULL,1,6,19),(24,'2018-09-17 09:00:00',0.5882352941176471,0.4117647058823529,11,2,NULL,1,11,14),(25,'2018-09-17 08:00:00',0.5964912280701754,0.40350877192982454,0,5,NULL,1,7,18),(26,'2018-09-17 09:00:00',0.5396825396825397,0.4603174603174603,5,14,NULL,1,10,15),(27,'2018-09-17 08:00:00',0.7647058823529411,0.23529411764705882,14,0,NULL,1,8,17),(28,'2018-09-17 09:00:00',0.5573770491803278,0.4426229508196721,0,2,NULL,1,9,16),(29,'2018-09-17 10:00:00',0.50187265917603,0.49812734082397003,1,14,NULL,1,5,13),(30,'2018-09-17 11:00:00',0.6415094339622641,0.3584905660377358,8,7,NULL,1,12,20),(31,'2018-09-17 10:00:00',0.512396694214876,0.48760330578512395,11,12,NULL,1,6,14),(32,'2018-09-17 11:00:00',0.5422222222222223,0.4577777777777778,2,9,NULL,1,11,19),(33,'2018-09-17 10:00:00',0.5396825396825397,0.4603174603174603,8,3,NULL,1,7,15),(34,'2018-09-17 11:00:00',0.5964912280701754,0.40350877192982454,14,4,NULL,1,10,18),(35,'2018-09-17 10:00:00',0.6582278481012658,0.34177215189873417,13,12,NULL,1,8,16),(36,'2018-09-17 11:00:00',0.5494505494505495,0.45054945054945056,7,13,NULL,1,9,17),(37,'2018-09-17 12:00:00',0.49907578558225507,0.5009242144177449,5,3,NULL,1,5,12),(38,'2018-09-17 13:00:00',0.6363636363636364,0.36363636363636365,7,3,NULL,1,13,20),(39,'2018-09-17 12:00:00',0.5010183299389002,0.4989816700610998,8,12,NULL,1,6,11),(40,'2018-09-17 13:00:00',0.5086306098964327,0.49136939010356734,5,10,NULL,1,14,19),(41,'2018-09-17 12:00:00',0.5,0.5,11,1,NULL,1,7,10),(42,'2018-09-17 13:00:00',0.5148514851485149,0.48514851485148514,1,5,NULL,1,15,18),(43,'2018-09-17 12:00:00',0.5480427046263345,0.45195729537366547,4,13,NULL,1,8,9),(44,'2018-09-17 13:00:00',0.5684210526315789,0.43157894736842106,11,6,NULL,1,16,17),(45,'2018-09-17 08:00:00',0.6398104265402843,0.36018957345971564,9,1,NULL,1,5,20),(46,'2018-09-17 09:00:00',0.5046554934823091,0.49534450651769085,4,3,NULL,1,12,13),(47,'2018-09-17 08:00:00',0.5353645266594124,0.4646354733405876,3,1,NULL,1,6,19),(48,'2018-09-17 09:00:00',0.5257510729613734,0.4742489270386266,5,3,NULL,1,11,14),(49,'2018-09-17 08:00:00',0.5811965811965812,0.4188034188034188,14,0,NULL,1,7,18),(50,'2018-09-17 09:00:00',0.5172413793103449,0.4827586206896552,1,9,NULL,1,10,15),(51,'2018-09-17 08:00:00',0.652542372881356,0.3474576271186441,8,5,NULL,1,8,17),(52,'2018-09-17 09:00:00',0.5404255319148936,0.4595744680851064,14,8,NULL,1,9,16);
/*!40000 ALTER TABLE `game` ENABLE KEYS */;
UNLOCK TABLES;

--
-- Table structure for table `groups`
--

DROP TABLE IF EXISTS `groups`;
/*!40101 SET @saved_cs_client     = @@character_set_client */;
/*!40101 SET character_set_client = utf8 */;
CREATE TABLE `groups` (
  `id` bigint(20) NOT NULL,
  `name` varchar(255) DEFAULT NULL,
  PRIMARY KEY (`id`)
) ENGINE=MyISAM DEFAULT CHARSET=utf8;
/*!40101 SET character_set_client = @saved_cs_client */;

--
-- Dumping data for table `groups`
--

LOCK TABLES `groups` WRITE;
/*!40000 ALTER TABLE `groups` DISABLE KEYS */;
INSERT INTO `groups` VALUES (1,'A'),(2,'B'),(3,'C'),(4,'D');
/*!40000 ALTER TABLE `groups` ENABLE KEYS */;
UNLOCK TABLES;

--
-- Table structure for table `hibernate_sequence`
--

DROP TABLE IF EXISTS `hibernate_sequence`;
/*!40101 SET @saved_cs_client     = @@character_set_client */;
/*!40101 SET character_set_client = utf8 */;
CREATE TABLE `hibernate_sequence` (
  `next_val` bigint(20) DEFAULT NULL
) ENGINE=MyISAM DEFAULT CHARSET=utf8;
/*!40101 SET character_set_client = @saved_cs_client */;

--
-- Dumping data for table `hibernate_sequence`
--

LOCK TABLES `hibernate_sequence` WRITE;
/*!40000 ALTER TABLE `hibernate_sequence` DISABLE KEYS */;
INSERT INTO `hibernate_sequence` VALUES (53),(53),(53);
/*!40000 ALTER TABLE `hibernate_sequence` ENABLE KEYS */;
UNLOCK TABLES;

--
-- Table structure for table `team`
--

DROP TABLE IF EXISTS `team`;
/*!40101 SET @saved_cs_client     = @@character_set_client */;
/*!40101 SET character_set_client = utf8 */;
CREATE TABLE `team` (
  `id` bigint(20) NOT NULL,
  `final_standing` int(11) NOT NULL,
  `loser_winer_signature` varchar(255) DEFAULT NULL,
  `lost` int(11) NOT NULL,
  `name` varchar(255) DEFAULT NULL,
  `place_in_group` int(11) NOT NULL,
  `point_balance` int(11) NOT NULL,
  `seeding` int(11) NOT NULL,
  `strength` double NOT NULL,
  `won` int(11) NOT NULL,
  `group_id` bigint(20) DEFAULT NULL,
  PRIMARY KEY (`id`),
  KEY `FKo3mildltdsbu7o4s5nswf5wtp` (`group_id`)
) ENGINE=MyISAM DEFAULT CHARSET=utf8;
/*!40101 SET character_set_client = @saved_cs_client */;

--
-- Dumping data for table `team`
--

LOCK TABLES `team` WRITE;
/*!40000 ALTER TABLE `team` DISABLE KEYS */;
INSERT INTO `team` VALUES (5,0,NULL,2,'Grandmaster Flash Warszawa',1,-8,1,8.4375,2,1),(6,0,NULL,3,'KWR Knury Kamieniec Wrocławski',1,-5,2,7.6875,1,2),(7,0,NULL,1,'muJAHedini dysku Warszawa',1,24,3,8.5,3,3),(8,0,NULL,1,'KS AZS AWF Flow Wrocław',1,9,4,9.625,3,4),(9,0,NULL,2,'Zawierucha Warszawa',2,7,5,7.9375,2,4),(10,0,NULL,3,'RJP Warszawa',2,-17,6,7.5,1,3),(11,0,NULL,1,'KS BC Kosmodysk Warszawa',2,8,7,7.65625,3,2),(12,0,NULL,2,'Kato Vice Katowice',2,-5,8,8.46875,2,1),(13,0,NULL,1,'4hands Warszawa',3,21,9,8.3125,3,1),(14,0,NULL,3,'KrakUF Kraków',3,-15,10,6.90625,1,2),(15,0,NULL,2,'Uwaga Pies Poznań',3,8,11,7,2,3),(16,0,NULL,2,'KS Nine Hills Chełmno',3,0,12,6.75,2,4),(17,0,NULL,3,'Frisbnik Rybnik',4,-16,13,5.125,1,4),(18,0,NULL,2,'Brave Beavers Dopiewo',4,-15,14,6.125,2,3),(19,0,NULL,1,'Ultimatum Gdańsk',4,12,15,6.671875,3,2),(20,0,NULL,3,'Mad Hatters MOSiR Płock',4,-8,16,4.75,1,1);
/*!40000 ALTER TABLE `team` ENABLE KEYS */;
UNLOCK TABLES;
/*!40103 SET TIME_ZONE=@OLD_TIME_ZONE */;

/*!40101 SET SQL_MODE=@OLD_SQL_MODE */;
/*!40014 SET FOREIGN_KEY_CHECKS=@OLD_FOREIGN_KEY_CHECKS */;
/*!40014 SET UNIQUE_CHECKS=@OLD_UNIQUE_CHECKS */;
/*!40101 SET CHARACTER_SET_CLIENT=@OLD_CHARACTER_SET_CLIENT */;
/*!40101 SET CHARACTER_SET_RESULTS=@OLD_CHARACTER_SET_RESULTS */;
/*!40101 SET COLLATION_CONNECTION=@OLD_COLLATION_CONNECTION */;
/*!40111 SET SQL_NOTES=@OLD_SQL_NOTES */;

-- Dump completed on 2018-06-06 18:23:55
